{
  "n5": "4.0.0",
  "paintera": {
    "globalTransform": [
      0.2268624539973121,
      0.0,
      0.0,
      -9922.226896843353,
      0.0,
      0.2268624539973121,
      0.0,
      -8327.415666480025,
      0.0,
      0.0,
      0.2268624539973121,
      -25806.190129478917
    ],
    "windowProperties": {
      "width": 1469,
      "height": 916,
      "isFullScreen": false
    },
    "crosshairConfig": {
      "onFocusColor": "#FF0088FF",
      "offFocusColor": "#FFFFFF80",
      "isVisible": true
    },
    "orthoSliceConfig": {
      "enabled": true,
      "showTopLeft": true,
      "showTopRight": true,
      "showBottomLeft": true,
      "opacity": 0.5742971887550201,
      "shading": 0.1
    },
    "navigationConfig": {
      "allowRotations": true,
      "buttonRotationSpeeds": {
        "slow": 0.5,
        "regular": 5.0,
        "fast": 45.0
      }
    },
    "viewer3DConfig": {
      "affine": [
        -2.8722901369039724E-6,
        -1.0935254895336152E-4,
        1.7538498078769019E-4,
        -15.817756805852248,
        8.088398618900115E-5,
        1.6081798825827838E-4,
        1.015946697906146E-4,
        -21.005215956465072,
        -1.9019898061418042E-4,
        7.00408180212738E-5,
        4.0555555517880584E-5,
        0.6601945983082445
      ],
      "areMeshesEnabled": true,
      "background": "#000000FF",
      "showBlockBoundaries": false,
      "rendererBlockSize": 16,
      "numElementsPerFrame": 10000,
      "frameDelayMsec": 20,
      "sceneUpdateDelayMsec": 250
    },
    "screenScalesConfig": {
      "scales": [
        0.5
      ]
    },
    "scaleBarOverlayConfig": {
      "overlayFont": {
        "name": "System Regular",
        "size": 18.0
      },
      "foregroundColor": "#FFFFFFFF",
      "backgroundColor": "#00000088",
      "isShowing": false,
      "targetScaleBarLength": 200.0
    },
    "bookmarkConfig": {
      "bookmarks": [
        {
          "globalTransform": [
            0.07536712948478289,
            0.0,
            0.0,
            -3030.464513899385,
            0.0,
            0.07536712948478289,
            0.0,
            -2596.212813590921,
            0.0,
            0.0,
            0.07536712948478289,
            -8563.483322019805
          ],
          "viewer3DTransform": [
            1.0174078482841417E-5,
            0.0,
            0.0,
            -0.5,
            0.0,
            1.0174078482841417E-5,
            0.0,
            -0.3245581906418826,
            0.0,
            0.0,
            1.0174078482841417E-5,
            -0.9033818636876966
          ],
          "note": "nucleus"
        },
        {
          "globalTransform": [
            0.39824905642499775,
            0.0,
            0.0,
            -17120.09715711146,
            0.0,
            0.39824905642499775,
            0.0,
            -14828.581504052341,
            0.0,
            0.0,
            0.39824905642499775,
            -45299.31790754912
          ],
          "viewer3DTransform": [
            1.0174078482841417E-5,
            0.0,
            0.0,
            -0.5,
            0.0,
            1.0174078482841417E-5,
            0.0,
            -0.3245581906418826,
            0.0,
            0.0,
            1.0174078482841417E-5,
            -0.9033818636876966
          ],
          "note": "mito"
        },
        {
          "globalTransform": [
            0.24791834760727371,
            0.0,
            0.0,
            -10635.617855254499,
            0.0,
            0.24791834760727371,
            0.0,
            -9447.52845386197,
            0.0,
            0.0,
            0.24791834760727371,
            -28229.599761454087
          ],
          "viewer3DTransform": [
            1.0174078482841417E-5,
            0.0,
            0.0,
            -0.5,
            0.0,
            1.0174078482841417E-5,
            0.0,
            -0.3245581906418826,
            0.0,
            0.0,
            1.0174078482841417E-5,
            -0.9033818636876966
          ],
          "note": "mito"
        },
        {
          "globalTransform": [
            0.24791834760727363,
            0.0,
            0.0,
            -10308.673913120689,
            0.0,
            0.24791834760727363,
            0.0,
            -9355.067225569099,
            0.0,
            0.0,
            0.24791834760727363,
            -28167.840335960376
          ],
          "viewer3DTransform": [
            1.0174078482841417E-5,
            0.0,
            0.0,
            -0.5,
            0.0,
            1.0174078482841417E-5,
            0.0,
            -0.3245581906418826,
            0.0,
            0.0,
            1.0174078482841417E-5,
            -0.9033818636876966
          ],
          "note": "mito"
        },
        {
          "globalTransform": [
            0.21777532417960138,
            -0.062446069340629226,
            -0.01187306346557019,
            -5883.013517907102,
            0.06253176695397478,
            0.2180741872741852,
            -4.36872447452428E-18,
            -10723.952984546506,
            0.011413121122897295,
            -0.0032726598190971792,
            0.22655154688861678,
            -26148.331564013515
          ],
          "viewer3DTransform": [
            6.200848746328939E-5,
            -2.7844385800807757E-5,
            1.9520696493982278E-4,
            -23.840293181672973,
            3.3494519628961673E-5,
            2.031452511396183E-4,
            1.8337000664579896E-5,
            -11.10686959427218,
            -1.9431723067311004E-4,
            2.6130798264183872E-5,
            6.545316451277481E-5,
            -0.3664061710246569
          ],
          "note": "example"
        }
      ],
      "transitionTime": {
        "millis": 300.0
      }
    },
    "arbitraryMeshConfig": {
      "isVisible": true,
      "meshes": []
    },
    "menuBarConfig": {
      "isVisible": true,
      "mode": "OVERLAY"
    },
    "sideBarConfig": {
      "isVisible": true,
      "width": 350.0
    },
    "toolBarConfig": {
      "isVisible": true
    },
    "statusBarConfig": {
      "isVisible": true,
      "mode": "OVERLAY"
    },
    "loggingConfig": {
      "rootLogger": {
        "level": "INFO"
      },
      "isLoggingEnabled": true,
      "isLoggingToConsoleEnabled": true,
      "isLoggingToFileEnabled": true,
      "loggerLevels": {}
    },
    "multiBoxOverlayConfig": {
      "visibility": "ON"
    },
    "segmentAnythingConfig": {
      "serviceUrl": "http://conf-sam-service.janelia.org/"
    },
    "sourceInfo": {
      "sources": [
        {
          "type": "org.janelia.saalfeldlab.paintera.state.raw.ConnectomicsRawState",
          "state": {
            "backend": {
              "type": "org.janelia.saalfeldlab.paintera.state.raw.n5.N5BackendRaw",
              "data": {
                "uri": "s3://janelia-cosem-datasets/jrc_mus-kidney/jrc_mus-kidney.zarr",
                "dataset": "/recon-1/em/fibsem-uint8"
              }
            },
            "name": "em-fibsem-uint8",
            "composite": {
              "type": "org.janelia.saalfeldlab.paintera.composition.CompositeCopy",
              "data": {}
            },
            "converter": {
              "min": 0.0,
              "max": 255.0,
              "alpha": 1.0,
              "color": "#FFFFFF"
            },
            "interpolation": "NEARESTNEIGHBOR",
            "isVisible": true,
            "resolution": [
              8.0,
              8.0,
              8.0
            ],
            "offset": [
              0.0,
              0.0,
              0.0
            ],
            "virtualCrop": {
              "min": [
                4500,
                3800,
                13600
              ],
              "max": [
                5799,
                4899,
                14799
              ]
            }
          }
        }
      ],
      "currentSourceIndex": 0,